transaction_id,transaction_created_at,transaction_updated_at,acquirer_name,company_id,transaction_installments,amount,payment_method,gateway_fee,status
9009ab2a35,2020-09-09 12:28:41.195000,2020-09-09 12:28:42.451000,pagarme,707f3fa3d265b9e,3,34300,credit_card,0,paid
ff5e9dbc52,2020-09-09 12:58:49.905000,2020-09-09 12:58:51.636000,pagarme,a1c2f57e42dd0b9,5,49990,credit_card,15,paid
c0cb6760a2,2020-09-09 12:59:23.530000,2020-09-09 12:59:25.458000,pagarme,707f3fa3d265b9e,1,8000,credit_card,0,paid
071ba130dd,2020-09-09 13:10:18.098000,2020-09-09 13:10:19.918000,pagarme,a1c2f57e42dd0b9,3,59980,credit_card,15,paid
c2cafaf5a7,2020-09-09 13:54:21.852000,2020-09-09 13:54:23.990000,pagarme,a1c2f57e42dd0b9,7,39999,credit_card,15,paid
56c5c93b7e,2020-09-09 14:43:58.763000,2020-09-09 14:44:00.062000,pagarme,707f3fa3d265b9e,1,6000,debit_card,0,paid
95957797ae,2020-09-09 14:48:47.743000,2020-09-09 14:48:49.493000,pagarme,707f3fa3d265b9e,4,55000,credit_card,0,paid
615c89c3a1,2020-09-09 15:01:46.973000,2020-09-09 15:01:48.024000,pagarme,707f3fa3d265b9e,1,8000,credit_card,0,paid
af956db7f8,2020-09-09 15:09:40.565000,2020-09-09 15:09:42.075000,pagarme,707f3fa3d265b9e,1,5000,debit_card,0,paid
bd78372330,2020-09-09 15:29:36.903000,2020-09-09 15:29:38.228000,pagarme,707f3fa3d265b9e,1,11000,debit_card,0,paid
5609a9e17a,2020-09-09 15:40:54.022000,2020-09-09 15:40:55.166000,pagarme,707f3fa3d265b9e,1,13000,credit_card,0,paid
c5997b611a,2020-09-09 16:21:52.182000,2020-09-09 16:21:53.425000,pagarme,707f3fa3d265b9e,1,9500,debit_card,0,paid
92701282a5,2020-09-09 17:35:48.223000,2020-09-09 22:56:20.439000,pagarme,64d8741e09ba8ee,1,179910,credit_card,0,refunded
97eb15c95a,2020-09-09 17:39:45.497000,2020-09-09 18:16:12.960000,acquirer_2,dc984ecf72ebcaa,5,26158,credit_card,0,refunded
fcee3fb412,2020-09-09 17:40:15.052000,2020-09-10 14:08:51.693000,pagarme,5fbe4ac1b6b1c3b,12,11687,credit_card,40,refunded
2d87869038,2020-09-09 17:40:15.724000,2020-09-28 14:54:01.130000,pagarme,38450cce3ddc812,3,21379,credit_card,40,refunded
10c937ee36,2020-09-09 17:40:26.965000,2020-09-09 17:40:30.108000,pagarme,5ba7e287dde81f8,1,100,credit_card,70,refunded
66a96984fd,2020-09-09 17:40:27.444000,2020-09-09 17:49:38.592000,pagarme,750852e7a627665,3,20809,credit_card,70,refunded
e882f0f2b8,2020-09-09 17:40:53.314000,2020-09-10 16:16:48.839000,pagarme,c073c11c93a896b,1,50000,credit_card,0,refunded
749ae8fba6,2020-09-09 17:41:04.527000,2020-09-15 11:44:50.965000,pagarme,da83a78d27ace3c,1,9900,credit_card,0,refunded
37fc937450,2020-09-09 17:42:10.232000,2020-09-09 18:21:44.563000,acquirer_1,aa453d6deb9d407,1,59900,credit_card,0,refunded
abc52a1c7c,2020-09-09 17:42:27.891000,2020-09-24 19:14:45.564000,pagarme,609f5f3707471f3,4,21953,credit_card,0,refunded
7fdfbb17d8,2020-09-09 17:44:10.404000,2020-09-21 14:23:03.601000,pagarme,094dd0ba5dcf146,2,18718,credit_card,0,refunded
3f5b500ade,2020-09-09 17:44:50.481000,2020-10-01 07:15:22.833000,pagarme,0c475f552b9b02b,1,35526,boleto,0,refunded
447a1d56d8,2020-09-09 17:44:56.119000,2020-09-15 01:17:50.110000,pagarme,f323935f8d56490,1,19858,boleto,0,refunded
6d2ab60bf8,2020-09-09 17:45:27.019000,2020-09-09 18:15:07.709000,pagarme,aa9b366c101f745,1,6000,credit_card,70,refunded
82dc15ad22,2020-09-09 17:45:27.146000,2020-09-09 17:57:35.995000,pagarme,8ec689240587a10,1,7970,credit_card,20,refunded
9eb5c25d32,2020-09-09 17:45:52.984000,2020-09-09 18:33:27.579000,pagarme,aa9b366c101f745,1,3000,credit_card,70,refunded
17cf486f2b,2020-09-09 17:45:53.003000,2020-09-23 19:11:32.964000,pagarme,5a9c29a2bfe6282,2,6001,credit_card,0,refunded
d3ae197038,2020-09-09 17:46:07.815000,2020-09-09 22:13:10.625000,acquirer_2,dc984ecf72ebcaa,1,73344,credit_card,0,refunded
c603a9f142,2020-09-09 17:46:20.932000,2020-09-16 17:20:10.167000,pagarme,9e026289ebcc450,2,15704,credit_card,0,refunded
284561d231,2020-09-09 17:46:22.418000,2020-09-10 13:12:46.254000,pagarme,d19e7f6bea6d0f3,1,18700,credit_card,0,refunded
244764d5ed,2020-09-09 17:46:58.267000,2020-09-09 21:01:49.935000,pagarme,b55bcdbb034df22,1,197,credit_card,40,refunded
38b79469c0,2020-09-09 17:47:33.396000,2020-09-12 01:15:22.961000,pagarme,af12f3989642951,1,9212,boleto,0,refunded
8861269aea,2020-09-09 17:50:00.500000,2020-09-10 13:07:40.383000,pagarme,3f17a08d5af6b61,4,50000,credit_card,0,refunded
e9d9d6385f,2020-09-09 17:50:08.312000,2020-09-09 17:56:43.586000,acquirer_2,dc984ecf72ebcaa,5,26158,credit_card,0,refunded
debd5402ab,2020-09-09 17:50:23.151000,2020-09-11 21:47:08.370000,acquirer_2,68f8352768ec0ab,1,4999,credit_card,0,refunded
7b9e5aa4d0,2020-09-09 17:50:25.353000,2020-09-09 18:05:23.866000,pagarme,c073c11c93a896b,1,2500,credit_card,0,refunded
d582e47628,2020-09-09 17:51:30.890000,2020-09-09 19:02:27.626000,pagarme,145e0cf06536e75,1,5664,credit_card,70,refunded
e4104c2877,2020-09-09 17:51:44.973000,2020-09-09 18:00:03.435000,pagarme,79f540698e2d78a,1,1500,credit_card,70,refunded
4ab3eef25d,2020-09-09 17:52:04.422000,2020-09-18 19:37:05.937000,pagarme,c073c11c93a896b,1,2500,credit_card,0,refunded
15e186fb43,2020-09-09 17:52:26.714000,2020-09-21 17:37:19.528000,pagarme,1104a2c32ffd10e,1,32851,credit_card,0,refunded
27b0f6bcf8,2020-09-09 17:52:32.325000,2020-09-11 14:25:02.114000,pagarme,e7569f550abcdb2,3,11255,credit_card,50,refunded
400c602411,2020-09-09 17:52:38.056000,2020-09-09 18:07:13.763000,acquirer_2,dc984ecf72ebcaa,1,17946,credit_card,0,refunded
bff6dcd7c0,2020-09-09 17:52:39.809000,2020-09-09 17:52:41.694000,pagarme,d19e7f6bea6d0f3,1,123,credit_card,0,refunded
4fed64759b,2020-09-09 17:53:12.413000,2020-09-11 21:48:05.309000,acquirer_2,dc984ecf72ebcaa,2,43739,credit_card,0,refunded
56d4bb5715,2020-09-09 17:53:52.336000,2020-09-11 21:13:47.560000,pagarme,d19e7f6bea6d0f3,6,9876,credit_card,0,refunded
7931de817f,2020-09-09 17:53:58.532000,2020-09-09 19:27:12.838000,pagarme,b7655aef20f5c9c,2,15347,credit_card,0,refunded
d695aae2f5,2020-09-09 17:54:10.351000,2020-09-09 17:54:16.348000,pagarme,d19e7f6bea6d0f3,1,22600,credit_card,0,refunded
f49ecb8136,2020-09-09 17:54:27.952000,2020-09-11 13:00:19.902000,pagarme,d19e7f6bea6d0f3,12,419640,credit_card,0,refunded
ced1cbe20f,2020-09-09 17:54:31.791000,2020-09-10 08:23:30.209000,pagarme,4a4b3506a7b8593,1,22500,boleto,0,paid
85d9edd4a5,2020-09-09 17:54:31.997000,2020-09-09 17:54:45.503000,pagarme,c16613793be8594,2,8286,credit_card,50,paid
75458fe8b8,2020-09-09 17:54:33.076000,2020-09-10 08:23:31.067000,pagarme,dd6324360be8a57,1,17057,boleto,0,paid
10de1fbc83,2020-09-09 17:54:36.004000,2020-09-10 08:23:30.220000,pagarme,adc4cc206ab6059,1,7990,boleto,0,paid
19f5ca7a57,2020-09-09 17:54:36.017000,2020-09-09 17:54:38.006000,pagarme,d19e7f6bea6d0f3,1,2497,credit_card,0,paid
90ca6b44fa,2020-09-09 17:54:36.906000,2020-09-09 17:54:38.020000,pagarme,c073c11c93a896b,1,10000,credit_card,0,paid
bb03a48917,2020-09-09 17:54:38.332000,2020-09-11 06:04:06.223000,pagarme,fc0f30121c6ca42,1,17999,boleto,0,paid
75f52a9acd,2020-09-09 17:54:39.950000,2020-09-09 17:54:41.680000,pagarme,c4891624372c0d7,3,18900,credit_card,120,paid
ab640bc97c,2020-09-09 17:54:40.894000,2020-09-11 06:22:46.698000,pagarme,d65d9d5ad723e3e,1,22772,boleto,0,paid
04da3feaa7,2020-09-09 17:54:43.038000,2020-09-09 17:54:54.396000,pagarme,078e46f5b7adb56,5,12205,credit_card,120,paid
2d4365e9ac,2020-09-09 17:54:43.085000,2020-09-10 08:07:53.707000,pagarme,53cf88c1f4d0ed9,1,19038,boleto,0,paid
ffb7bc3444,2020-09-09 17:54:44.273000,2020-09-10 08:23:30.343000,pagarme,712e4b393d52515,1,19972,boleto,0,paid
e8bbe41643,2020-09-09 17:54:44.436000,2020-09-09 17:54:45.980000,pagarme,c073c11c93a896b,1,7500,credit_card,0,paid
ac8909e70a,2020-09-09 17:54:46.019000,2020-09-09 17:54:47.100000,pagarme,a81114478294e16,1,19900,credit_card,0,paid
5878bf6cac,2020-09-09 17:54:46.661000,2020-09-10 08:23:32.481000,pagarme,f34b31c5c6621a1,1,18000,boleto,0,paid
428cfcb94d,2020-09-09 17:54:46.775000,2020-09-17 08:07:31.823000,pagarme,e711dd9e8d9d95a,1,9990,boleto,0,paid
c65e0190c3,2020-09-09 17:54:47.096000,2020-09-09 17:54:48.542000,pagarme,14b6bcae0620490,7,402000,credit_card,114,paid
7e99ccec58,2020-09-09 17:54:47.356000,2020-09-09 17:54:48.769000,pagarme,d19e7f6bea6d0f3,1,700,credit_card,0,paid
d90a613594,2020-09-09 17:54:48.469000,2020-09-10 08:07:53.708000,pagarme,fc0f30121c6ca42,1,10989,boleto,0,paid
d3146ba980,2020-09-09 17:54:49.692000,2020-09-10 08:23:29.473000,pagarme,50c26b2c08e90d0,1,10890,boleto,0,paid
4a3881dc3f,2020-09-09 17:54:53.022000,2020-09-09 17:54:53.994000,pagarme,7135b2e61be87df,1,1000,credit_card,30,paid
c6ceab8c28,2020-09-09 17:54:55.323000,2020-09-09 17:55:06.816000,pagarme,5d65dede69dbbf5,3,32930,credit_card,65,paid
03e6916617,2020-09-09 17:54:55.887000,2020-09-12 06:03:51.370000,pagarme,fc0f30121c6ca42,1,10315,boleto,0,paid
83cf22e8ac,2020-09-09 17:54:55.904000,2020-09-10 08:23:29.473000,pagarme,f3bdbd48b367ea3,1,25900,boleto,0,paid
01b57d78f0,2020-09-09 17:55:01.988000,2020-09-09 17:55:03.946000,pagarme,704b7a7a0f7a7a4,6,92390,credit_card,32,paid
76f02c974d,2020-09-09 17:55:02.200000,2020-09-11 06:04:04.717000,pagarme,d85805aec65c1b7,1,8743,boleto,0,paid
22c7bdab93,2020-09-09 17:55:03.040000,2020-09-09 17:56:14.829000,acquirer_3,4e6ad93df7c1d98,10,96554,credit_card,50,paid
048029c556,2020-09-09 17:55:03.198000,2020-09-10 08:07:53.716000,pagarme,fc0f30121c6ca42,1,29268,boleto,0,paid
3fa1c04450,2020-09-09 17:55:03.915000,2020-09-09 17:55:05.442000,pagarme,d03499ff734377b,1,54000,credit_card,80,paid
f73d08f5e0,2020-09-09 17:55:04.123000,2020-09-09 17:55:05.975000,pagarme,d19e7f6bea6d0f3,2,20776,credit_card,0,paid
871749cc58,2020-09-09 17:55:04.487000,2020-09-09 17:55:05.972000,pagarme,f8d8b554efc5aef,12,99850,credit_card,39,paid
eb5051b57f,2020-09-09 17:55:05.448000,2020-09-09 17:55:06.825000,pagarme,599188c7d4386dd,1,23111,credit_card,30,paid
031d8b21be,2020-09-09 17:55:05.716000,2020-09-09 17:55:16.589000,pagarme,d989f5c5540226b,1,7496,credit_card,90,paid
6368da4fcd,2020-09-09 17:55:06.329000,2020-09-10 08:23:28.258000,pagarme,0b4e8999f4d2fc2,1,3478,boleto,0,paid
cca4a54a17,2020-09-09 17:55:06.504000,2020-09-09 17:55:08.742000,pagarme,852d29346e0e61a,6,17704,credit_card,80,paid
5b48b4aff3,2020-09-09 17:55:07.121000,2020-09-09 17:55:09.033000,pagarme,f8d8b554efc5aef,12,99850,credit_card,39,paid
1a1d6225c2,2020-09-09 17:55:07.755000,2020-09-10 08:23:28.109000,pagarme,f10712b5a2e0084,1,26388,boleto,0,paid
db9a59bb98,2020-09-09 17:55:09.743000,2020-09-10 08:07:55.568000,pagarme,627c076cfa7de29,1,13984,boleto,0,paid
e0e46ba32b,2020-09-09 17:55:10.446000,2020-09-11 06:22:46.598000,pagarme,274ae83f1280599,1,10520,boleto,0,paid
c5140fcbb3,2020-09-09 17:55:10.613000,2020-09-11 06:22:45.334000,pagarme,f34b31c5c6621a1,1,6000,boleto,0,paid
e15ab84290,2020-09-09 17:55:11.143000,2020-09-11 06:04:05.547000,pagarme,fc0f30121c6ca42,1,11296,boleto,0,paid
1137f1483b,2020-09-09 17:55:11.916000,2020-09-09 17:55:16.467000,pagarme,f3bdbd48b367ea3,1,6200,credit_card,110,paid
68e6a358f2,2020-09-09 17:55:13.434000,2020-09-09 17:55:17.945000,pagarme,4b232cd98d81515,1,5083,credit_card,50,paid
61fc498615,2020-09-09 17:55:13.454000,2020-09-09 17:55:14.872000,pagarme,852d29346e0e61a,2,16711,credit_card,80,paid
36f4e7b9bd,2020-09-09 17:55:15.174000,2020-09-15 08:27:35.075000,pagarme,274ae83f1280599,1,8990,boleto,0,paid
c73b809641,2020-09-09 17:55:15.732000,2020-09-10 08:07:54.659000,pagarme,fc0f30121c6ca42,1,3589,boleto,0,paid
b6ff508ac3,2020-09-09 17:55:16.824000,2020-09-09 17:55:18.721000,pagarme,72e1a779fd75fe4,12,14999,credit_card,50,paid
88a50bb340,2020-09-09 17:55:16.982000,2020-09-09 17:55:17.909000,pagarme,e8ac5df92abbcf8,4,35368,credit_card,35,paid
289f0355e8,2020-09-09 17:55:17.213000,2020-09-11 06:22:44.939000,pagarme,0c475f552b9b02b,1,69290,boleto,0,paid
e1e77a32b5,2020-09-09 17:55:17.224000,2020-09-10 08:07:52.535000,pagarme,fc0f30121c6ca42,1,202855,boleto,0,paid
62ad85b68d,2020-09-09 17:55:17.429000,2020-09-10 08:23:27.558000,pagarme,0e425b5517c61c6,1,18990,boleto,0,paid
32e688aadc,2020-09-09 17:55:18.476000,2020-09-12 07:06:09.568000,pagarme,274ae83f1280599,1,12510,boleto,0,paid
ffbdd0e0f2,2020-09-09 17:55:19.442000,2020-09-09 17:55:22.440000,pagarme,852d29346e0e61a,12,19265,credit_card,80,paid
e28f035ddc,2020-09-09 17:55:20.252000,2020-09-10 08:23:27.301000,pagarme,650409ddbd7025c,1,12413,boleto,0,paid
2513ecbac2,2020-09-09 17:55:20.302000,2020-09-09 17:55:27.761000,pagarme,10c33d344710b96,1,1990,credit_card,0,paid
29f9cd326c,2020-09-09 17:55:20.547000,2020-09-09 17:55:24.236000,pagarme,96d42ea61c64e3b,1,299,credit_card,24.485,paid
e54ff0ab72,2020-09-09 17:55:21.380000,2020-09-23 12:25:10.661000,pagarme,d19e7f6bea6d0f3,12,419640,credit_card,0,refunded
ff67ca7338,2020-09-09 17:55:21.836000,2020-09-09 17:55:23.026000,pagarme,c073c11c93a896b,1,2500,credit_card,0,paid
430ae81185,2020-09-09 17:55:22.739000,2020-09-12 06:03:48.103000,pagarme,fc0f30121c6ca42,1,5580,boleto,0,paid
4cad386a2d,2020-09-09 17:55:23.122000,2020-09-10 08:23:30.144000,pagarme,76006a6ac24e8e3,1,4000,boleto,0,paid
702e703750,2020-09-09 17:55:28.039000,2020-09-09 17:55:29.478000,pagarme,9355effe89da9b0,1,7740,credit_card,60,paid
f8f87b6122,2020-09-09 17:55:28.352000,2020-09-09 17:55:30.052000,pagarme,37239241e7d02d2,2,133300,credit_card,50,paid
a9e34ca615,2020-09-09 17:55:29.463000,2020-09-10 08:23:27.223000,pagarme,9064a1a8823fdf0,1,2961,boleto,0,paid
ff42ef7d97,2020-09-09 17:55:30.362000,2020-09-09 17:55:42.103000,pagarme,a8521ed11711b5f,3,21004,credit_card,64,paid
85d65dbed7,2020-09-09 17:55:31.829000,2020-09-09 17:55:33.605000,pagarme,fe3f48f88f15d46,1,15255,credit_card,30,paid
4e595eccef,2020-09-09 17:55:32.467000,2020-09-09 17:56:02.260000,pagarme,10c33d344710b96,3,16970,credit_card,0,paid
99e4e74596,2020-09-09 17:55:32.571000,2020-09-10 08:23:29.894000,pagarme,f34b31c5c6621a1,1,9990,boleto,0,paid
241f2dc4b8,2020-09-09 17:55:33.804000,2020-09-09 17:55:35.084000,pagarme,f15c6ef80e2797b,1,26051,credit_card,95,paid
6bfb4d422b,2020-09-09 17:55:33.884000,2020-09-09 17:55:44.645000,pagarme,45e1ff9c589fe36,2,25300,credit_card,50,paid
a0ba3a3b88,2020-09-09 17:55:35.100000,2020-09-16 07:02:47.437000,pagarme,47a44233dda03cc,1,14000,boleto,0,paid
7e246d5f76,2020-09-09 17:55:35.606000,2020-09-11 06:22:46.039000,pagarme,80bab11368e2021,1,21688,boleto,0,paid
69492cb450,2020-09-09 17:55:36.516000,2020-09-12 07:06:05.941000,pagarme,76006a6ac24e8e3,1,2000,boleto,0,paid
153118527f,2020-09-09 17:55:36.984000,2020-09-11 06:22:45.451000,pagarme,1fcca87e66057cf,1,33387,boleto,0,paid
e95b677fcb,2020-09-09 17:55:38.144000,2020-09-10 08:23:29.915000,pagarme,f34b31c5c6621a1,1,19000,boleto,0,paid
e815e984a5,2020-09-09 17:55:38.386000,2020-09-09 17:55:50.291000,pagarme,8cc03ff26c71e52,3,17072,credit_card,50,paid
54443e1b2f,2020-09-09 17:55:38.827000,2020-09-09 17:55:40.292000,pagarme,1c4debae7ef8522,3,18147,credit_card,80,paid
4729274ede,2020-09-09 17:55:39.114000,2020-09-15 08:27:34.981000,pagarme,01a096470738025,1,4315,boleto,0,paid
6c71434fc2,2020-09-09 17:55:39.196000,2020-09-09 17:55:40.839000,pagarme,6a7c5d432112d94,1,20085,credit_card,95,paid
e1b9fe533c,2020-09-09 17:55:41.833000,2020-09-12 06:03:51.244000,pagarme,fc0f30121c6ca42,1,9480,boleto,0,paid
e1b0bae233,2020-09-09 17:55:42.868000,2020-09-09 17:55:43.924000,pagarme,c073c11c93a896b,1,2500,credit_card,0,paid
f0dc5aaf74,2020-09-09 17:55:43.652000,2020-09-09 17:55:44.628000,pagarme,c073c11c93a896b,1,10000,credit_card,0,paid
f4e0336045,2020-09-09 17:55:44.060000,2020-09-09 17:55:45.864000,pagarme,e26313cb27f8c0f,3,23407,credit_card,100,paid
8a21174d20,2020-09-09 17:55:44.108000,2020-09-09 17:55:55.610000,pagarme,550ce760435c5db,2,40500,credit_card,100,paid
6548a75d18,2020-09-09 17:55:45.101000,2020-09-16 07:02:46.908000,pagarme,274ae83f1280599,1,7612,boleto,0,paid
28bfe04111,2020-09-09 17:55:46.007000,2020-09-09 18:10:46.520000,acquirer_2,dc984ecf72ebcaa,1,3762,credit_card,20,paid
ce9ac17da8,2020-09-09 17:55:47.306000,2020-09-10 08:23:29.974000,pagarme,744a78babe334a0,1,58666,boleto,0,paid
67c668c1bc,2020-09-09 17:55:48.055000,2020-09-10 08:23:29.260000,pagarme,b9d4949810cfb3a,1,30000,boleto,0,paid
48d15e487d,2020-09-09 17:55:48.983000,2020-09-10 08:23:26.692000,pagarme,39ce9e85982b180,1,52395,boleto,0,paid
c71700acad,2020-09-09 17:55:49.213000,2020-09-09 17:55:50.740000,pagarme,d3c3bb63c95d441,2,16110,credit_card,80,paid
b826d2dfde,2020-09-09 17:55:50.421000,2020-09-10 08:07:55.179000,pagarme,fc0f30121c6ca42,1,3525,boleto,0,paid
66d77906b6,2020-09-09 17:55:52.026000,2020-09-11 06:22:45.132000,pagarme,fe3f48f88f15d46,1,3817,boleto,0,paid
8e1faab2e8,2020-09-09 17:55:52.421000,2020-09-12 06:03:48.031000,pagarme,609f5f3707471f3,1,54858,boleto,0,paid
e5ab2c3429,2020-09-09 17:55:54.011000,2020-09-10 08:07:52.051000,pagarme,fc0f30121c6ca42,1,39203,boleto,0,paid
198e0d941b,2020-09-09 17:55:54.568000,2020-09-09 17:55:56.342000,pagarme,fe3f48f88f15d46,1,34065,credit_card,30,paid
bff2b9e29b,2020-09-09 17:55:55.058000,2020-09-09 17:55:56.250000,pagarme,ddbdca7880b9a05,1,19238,credit_card,50,paid
b968ffaa19,2020-09-09 17:55:55.822000,2020-09-09 17:55:57.613000,pagarme,abbd7be9fb584eb,6,16800,credit_card,10,paid
dcc417423b,2020-09-09 17:55:57.693000,2020-09-09 17:55:59.980000,pagarme,44177410ae6617d,12,360000,credit_card,30,paid
15d019989d,2020-09-09 17:55:57.883000,2020-09-10 08:07:52.083000,pagarme,5caba9f1488941b,1,35400,boleto,0,paid
a0be406817,2020-09-09 17:55:57.964000,2020-09-09 17:55:58.975000,pagarme,c073c11c93a896b,1,6000,credit_card,0,paid
9a941bcbaa,2020-09-09 17:55:59.346000,2020-09-11 06:04:07.436000,pagarme,f6c53fe8ae4c2b9,1,1500,boleto,0,paid
ed104132f1,2020-09-09 17:55:59.684000,2020-09-10 08:23:29.739000,pagarme,62e30afb927fd73,1,29700,boleto,0,paid
81a799d6be,2020-09-09 17:56:01.072000,2020-09-09 17:56:01.929000,pagarme,c073c11c93a896b,1,2500,credit_card,0,paid
3254636ae6,2020-09-09 17:56:02.267000,2020-09-09 17:56:24.045000,pagarme,5702629caa01e5a,6,30205,credit_card,36,paid
9d01ecedf2,2020-09-09 17:56:02.318000,2020-09-09 17:56:03.744000,pagarme,89549d0dd8907e8,2,35700,credit_card,50,paid
5db85007ea,2020-09-09 17:56:02.713000,2020-09-09 17:56:04.765000,pagarme,c9bcb2e471c5d8e,12,25065,credit_card,80,paid
8ffa854df3,2020-09-09 17:56:03.024000,2020-09-10 08:23:27.984000,pagarme,f97c89c9f55f237,1,4386,boleto,0,paid
35451a902e,2020-09-09 17:56:03.669000,2020-09-09 18:18:05.508000,acquirer_2,dc984ecf72ebcaa,10,98960,credit_card,20,paid
b4d80813d8,2020-09-09 17:56:04.714000,2020-09-09 17:56:06.566000,pagarme,d19e7f6bea6d0f3,1,3700,credit_card,0,paid
40fa6a8077,2020-09-09 17:56:05.073000,2020-09-09 17:56:06.514000,pagarme,d19e7f6bea6d0f3,1,3700,credit_card,0,paid
984ea89700,2020-09-09 17:56:06.628000,2020-09-09 17:56:23.386000,pagarme,85fbc0814f7493f,1,1013,credit_card,70,paid
680ec02fdb,2020-09-09 17:56:06.778000,2020-09-09 17:56:51.168000,pagarme,53cf88c1f4d0ed9,1,12060,credit_card,18,paid
c0a5e8bbea,2020-09-09 17:56:06.925000,2020-09-09 17:56:23.610000,pagarme,42f2452e3b08e0f,2,19960,credit_card,60,paid
3ff60a92a2,2020-09-09 17:56:08.169000,2020-09-10 08:07:52.083000,pagarme,fc0f30121c6ca42,1,35046,boleto,0,paid
bbe13c364b,2020-09-09 17:56:08.444000,2020-09-09 17:56:10.204000,pagarme,6a612e4ad6d8ef3,6,67400,credit_card,85,paid
7f6c7d4d7e,2020-09-09 17:56:08.803000,2020-09-10 08:23:29.593000,pagarme,a7b6eaee64de5e0,1,54167,boleto,0,paid
131a619114,2020-09-09 17:56:08.934000,2020-09-10 08:07:54.805000,pagarme,15d89843ea0b832,1,13427,boleto,0,paid
12fc9238ad,2020-09-09 17:56:09.065000,2020-09-10 08:23:29.499000,pagarme,389a0a7df6697e5,1,6750,boleto,0,paid
89482135fc,2020-09-09 17:56:10.176000,2020-09-10 08:23:29.581000,pagarme,5911ce37cc72d08,1,18700,boleto,0,paid
fbd0c6441b,2020-09-09 17:56:10.546000,2020-09-09 17:56:12.247000,pagarme,a0ae9a109973a68,1,18000,credit_card,30,paid
f6a2b4d6a2,2020-09-09 17:56:11.767000,2020-09-11 06:22:44.608000,pagarme,66e1ab77e18b7ac,1,462270,boleto,0,paid
61723017cd,2020-09-09 17:56:12.830000,2020-09-10 08:23:26.261000,pagarme,b929c1da4fe1b54,1,11427,boleto,0,paid
0e27e58fe1,2020-09-09 17:56:13.838000,2020-09-09 17:56:14.729000,pagarme,d628d5f69e5e02c,1,17600,credit_card,20,paid
db360d56d8,2020-09-09 17:56:14.818000,2020-09-09 17:56:15.969000,pagarme,1a7eb4fbc69cbe5,3,548600,credit_card,40,paid
e0dc798ba7,2020-09-09 17:56:18.460000,2020-09-09 17:56:19.766000,pagarme,66e1ab77e18b7ac,4,19232,credit_card,10,paid
b0ba02f141,2020-09-09 17:56:19.330000,2020-09-10 08:07:54.922000,pagarme,f6c53fe8ae4c2b9,1,3900,boleto,0,paid
cab154fff9,2020-09-09 17:56:19.668000,2020-09-10 08:23:27.740000,pagarme,39ce9e85982b180,1,75015,boleto,0,paid
e2720ccacc,2020-09-09 17:56:20.656000,2020-09-09 17:56:31.003000,pagarme,52c8a05a7b5c22c,2,4080,credit_card,50,paid
f9cb8e18f8,2020-09-09 17:56:21.349000,2020-09-09 17:56:22.591000,pagarme,72e1a779fd75fe4,1,3999,credit_card,50,paid
60000e39bb,2020-09-09 17:56:22.998000,2020-09-10 08:23:27.315000,pagarme,fe3f48f88f15d46,1,17443,boleto,0,paid
4b3c525bff,2020-09-09 17:56:23.077000,2020-09-11 06:22:44.692000,pagarme,fe3f48f88f15d46,1,22003,boleto,0,paid
8ad4822f7c,2020-09-09 17:56:23.711000,2020-09-09 17:56:25.036000,pagarme,d19e7f6bea6d0f3,1,9700,credit_card,0,paid
72e7442cb9,2020-09-09 17:56:23.788000,2020-09-11 06:22:45.325000,pagarme,2253eb5083030a9,1,28990,boleto,0,paid
4e79d214d1,2020-09-09 17:56:24.386000,2020-09-10 08:23:25.933000,pagarme,f34b31c5c6621a1,1,1900,boleto,0,paid
6019e7fa11,2020-09-09 17:56:26.380000,2020-09-09 17:56:28.040000,pagarme,d03499ff734377b,1,13980,credit_card,80,paid
2f4641f130,2020-09-09 17:56:26.447000,2020-09-09 17:56:38.376000,pagarme,d989f5c5540226b,1,12586,credit_card,90,paid
891717f5ac,2020-09-09 17:56:28.878000,2020-09-09 17:56:30.081000,pagarme,da83a78d27ace3c,1,22935,credit_card,0,paid
0cec797151,2020-09-09 17:56:29.274000,2020-09-09 17:56:31.118000,pagarme,d518cae4435be50,1,11531,credit_card,40,paid
11701f26ca,2020-09-09 17:56:29.371000,2020-09-30 06:11:21.423000,pagarme,d19e7f6bea6d0f3,1,19700,boleto,0,paid
fc60baddb5,2020-09-09 17:56:29.729000,2020-09-09 17:56:31.292000,pagarme,7b2f77ee5fc3730,4,77402,credit_card,10,paid
4db9bfaa2b,2020-09-09 17:56:30.017000,2020-09-09 17:56:33.352000,pagarme,114486104391d5c,2,48990,credit_card,78,paid
fd45a8a43c,2020-09-09 17:56:30.282000,2020-09-10 08:23:25.914000,pagarme,a7b6eaee64de5e0,1,54167,boleto,0,paid
e410993291,2020-09-09 17:56:32.893000,2020-09-09 17:56:34.060000,pagarme,c073c11c93a896b,1,5000,credit_card,0,paid
b2f778cc3c,2020-09-09 17:56:32.978000,2020-09-09 17:56:34.770000,pagarme,1ba1ddf211b8fac,3,42824,credit_card,80,paid
7e337ff63a,2020-09-09 17:56:33.022000,2020-09-09 17:56:35.005000,pagarme,cbb76f14428507d,2,30000,credit_card,120,paid
0cb25286cb,2020-09-09 17:56:33.826000,2020-09-09 17:56:35.209000,pagarme,da83a78d27ace3c,6,488766,credit_card,0,paid
3a6f535115,2020-09-09 17:56:34.286000,2020-09-09 17:56:36.758000,pagarme,489b07887803197,1,10000,credit_card,120,paid
7b9ebad0ee,2020-09-09 17:56:35.098000,2020-09-09 21:46:46.235000,pagarme,faf68925dd964bf,5,25913,credit_card,35,paid
db59f7bf42,2020-09-09 17:56:36.106000,2020-09-10 08:23:28.206000,pagarme,460e485fe7261fb,1,31236,boleto,0,paid
825853dbcb,2020-09-09 17:56:37.016000,2020-09-10 08:23:25.594000,pagarme,e4f6989c465ee66,1,23391,boleto,0,paid
c9ddad5968,2020-09-09 17:56:37.505000,2020-09-11 06:22:45.547000,pagarme,3336e99f7980488,1,221679,boleto,0,paid
105765d2e3,2020-09-09 17:56:38.557000,2020-09-09 17:56:41.702000,acquirer_1,670c83dedf425e1,6,25980,credit_card,120,paid
2e1fa5ec48,2020-09-09 17:56:39.628000,2020-09-09 18:20:19.745000,acquirer_2,dc984ecf72ebcaa,1,3500,credit_card,20,paid
2ba6e9b871,2020-09-09 17:56:40.081000,2020-09-09 17:56:41.357000,pagarme,4f7453be2ddaed2,1,3180,credit_card,95,paid
33fc47c4a6,2020-09-09 17:56:40.260000,2020-09-09 19:16:56.364000,pagarme,64d8741e09ba8ee,2,229900,credit_card,0,refunded
8018c8743d,2020-09-09 17:56:40.582000,2020-09-09 17:56:58.090000,pagarme,d19e7f6bea6d0f3,12,95640,credit_card,0,paid
7fd0e7fc2d,2020-09-09 17:56:40.613000,2020-09-09 17:56:44.060000,pagarme,98172fe6ff79416,6,57060,credit_card,120,paid
f645924d1b,2020-09-09 17:56:40.947000,2020-09-09 17:56:41.798000,pagarme,c073c11c93a896b,1,10000,credit_card,0,paid
256f01ea19,2020-09-09 17:56:43.089000,2020-09-09 17:56:44.761000,pagarme,8bf18c1bc99d6d2,3,2896,credit_card,107,paid
065eaeefe8,2020-09-09 17:56:43.290000,2020-09-10 08:23:25.601000,pagarme,93ee96f677b7abe,1,8123,boleto,0,paid
0396c9f43d,2020-09-09 17:56:44.097000,2020-09-10 08:07:51.576000,pagarme,fc0f30121c6ca42,1,11669,boleto,0,paid
84afca41ff,2020-09-09 17:56:44.839000,2020-09-10 08:23:25.594000,pagarme,d19e7f6bea6d0f3,1,990,boleto,0,paid
3713b627af,2020-09-09 17:56:45.741000,2020-09-09 17:56:46.998000,pagarme,8164dd9e3d9a51a,1,2990,credit_card,33,paid
3dc5e16d0a,2020-09-09 17:56:45.758000,2020-09-09 17:56:46.958000,pagarme,91ba8840156ea07,4,31792,credit_card,45,paid
0c5f602cfc,2020-09-09 17:56:45.968000,2020-09-16 07:02:46.732000,pagarme,57d08ef4bf1cd3e,1,41900,boleto,0,paid
2fd57e342e,2020-09-09 17:56:47.802000,2020-09-09 17:56:49.601000,pagarme,c9bcb2e471c5d8e,12,25065,credit_card,80,paid
02a2c03833,2020-09-09 17:56:48.174000,2020-09-11 06:22:45.547000,pagarme,2ab909395655978,1,11573,boleto,0,paid
ea1a70835b,2020-09-09 17:56:48.749000,2020-09-09 17:56:50.793000,pagarme,f5fe7d4530895b2,2,9543,credit_card,58,paid
77d8c6d0d8,2020-09-09 17:56:48.772000,2020-09-09 17:56:50.323000,pagarme,89d18370e8cc0b0,1,1380,credit_card,80,paid
6f7dfe3df2,2020-09-09 17:56:49.254000,2020-09-09 17:56:51.128000,pagarme,8ec689240587a10,3,21990,credit_card,40,paid
f51e2e5f87,2020-09-09 17:56:49.931000,2020-09-11 06:04:04.857000,pagarme,8b4242df4b2dee5,1,6990,boleto,0,paid
e6bd6a44ee,2020-09-09 17:56:49.943000,2020-09-09 17:57:02.151000,pagarme,7f74ca6c8e36c8d,1,10900,credit_card,15,paid
d8ff0626d0,2020-09-09 17:56:51.159000,2020-09-10 08:07:54.219000,pagarme,f6c53fe8ae4c2b9,1,14970,boleto,0,paid
8b2d344c29,2020-09-09 17:56:51.498000,2020-09-09 17:56:52.344000,pagarme,8164dd9e3d9a51a,1,2990,credit_card,33,paid
773744978e,2020-09-09 17:56:52.943000,2020-09-09 17:56:54.358000,pagarme,66416129f918364,1,5000,credit_card,120,paid
e2dad467ff,2020-09-09 17:56:53.560000,2020-09-10 08:23:27.424000,pagarme,39ce9e85982b180,1,42900,boleto,0,paid
3ef6504bbb,2020-09-09 17:56:53.760000,2020-09-09 17:56:58.524000,pagarme,dee3b73faaac643,1,590,credit_card,12,paid
66b37de5bd,2020-09-09 17:56:53.968000,2020-09-10 08:23:27.803000,pagarme,6ed9406acac0d81,1,3590,boleto,0,paid
1764b5dec6,2020-09-09 17:56:54.837000,2020-09-09 17:57:01.694000,pagarme,10c33d344710b96,1,10480,credit_card,0,paid
cdeab41229,2020-09-09 17:56:58.108000,2020-09-10 08:23:24.327000,pagarme,8e84e5551746c8d,1,17479,boleto,0,paid
02b0aa3ac1,2020-09-09 17:56:58.252000,2020-09-09 17:57:09.475000,pagarme,efd17a99ed76fc2,3,16512,credit_card,50,paid
2303c34791,2020-09-09 17:57:00.253000,2020-09-09 17:57:03.038000,pagarme,cecbc44c45ee98e,6,28109,credit_card,95,paid
bbe7d38bff,2020-09-09 17:57:02.978000,2020-09-09 17:57:14.493000,pagarme,d0658f776439ba7,1,10050,credit_card,74,paid
a17f976e5c,2020-09-09 17:57:06.224000,2020-09-09 19:28:05.716000,acquirer_2,68f8352768ec0ab,1,55792,credit_card,18,paid
cba9806e96,2020-09-09 17:57:06.496000,2020-09-16 07:02:46.796000,pagarme,47a44233dda03cc,1,15000,boleto,0,paid
be2db935a9,2020-09-09 17:57:07.176000,2020-09-09 17:57:15.380000,pagarme,dee3b73faaac643,1,690,credit_card,12,paid
ff4cc13eff,2020-09-09 17:57:07.824000,2020-09-09 17:57:10.603000,pagarme,d19e7f6bea6d0f3,12,119880,credit_card,0,paid
7d8a2dbefd,2020-09-09 17:57:07.875000,2020-09-09 17:57:21.410000,pagarme,256bd4c8df0efe6,6,31230,credit_card,35,paid
7951fd0cb4,2020-09-09 17:57:08.394000,2020-09-10 08:23:27.095000,pagarme,ae8404dab1e7e37,1,16150,boleto,0,paid
9dd9fd6730,2020-09-09 17:57:08.442000,2020-09-09 17:57:10.523000,pagarme,72b3544d6623b87,12,44754,credit_card,0,refused
9210db6df3,2020-09-09 17:57:10.328000,2020-09-09 17:57:11.331000,pagarme,ea102f81d98eb46,1,5990,credit_card,30,paid
c01838ab1b,2020-09-09 17:57:10.420000,2020-09-09 17:57:12.407000,pagarme,d19e7f6bea6d0f3,5,21460,credit_card,0,refused
5a40200a44,2020-09-09 17:57:11.193000,2020-09-09 17:57:13.303000,pagarme,fe3f48f88f15d46,2,16233,credit_card,30,paid
e0aec60d89,2020-09-09 17:57:11.734000,2020-09-09 17:57:12.786000,pagarme,094dd0ba5dcf146,2,18718,credit_card,50,paid
7c5bff25b7,2020-09-09 17:57:11.735000,2020-09-09 17:57:15.420000,pagarme,efe7c1eaab861a5,1,81000,credit_card,0,refused
f4323857a1,2020-09-09 17:57:11.742000,2020-09-09 17:57:12.747000,pagarme,c073c11c93a896b,1,2500,credit_card,0,refused
b96f6c3a94,2020-09-09 17:57:13.111000,2020-09-11 06:22:43.848000,pagarme,483b7446a349494,1,23700,boleto,0,paid
afb699449e,2020-09-09 17:57:13.141000,2020-09-09 18:03:54.884000,acquirer_3,4e6ad93df7c1d98,3,27400,credit_card,50,paid
666b0e8eb3,2020-09-09 17:57:13.455000,2020-09-09 17:57:15.509000,pagarme,d19e7f6bea6d0f3,12,150000,credit_card,0,paid
ce2373dd23,2020-09-09 17:57:14.124000,2020-09-09 17:57:16.101000,pagarme,d19e7f6bea6d0f3,12,11640,credit_card,0,refused
e6698a8f3b,2020-09-09 17:57:14.445000,2020-09-11 06:22:43.937000,pagarme,9355effe89da9b0,1,2600,boleto,0,paid
5fbeb60aa0,2020-09-09 17:57:15.431000,2020-09-09 17:57:17.108000,pagarme,a4597783ba7f79a,12,19990,credit_card,0,paid
3d52c6a158,2020-09-09 17:57:15.871000,2020-09-09 17:57:17.058000,pagarme,c073c11c93a896b,1,2500,credit_card,0,paid
fd0e5765f3,2020-09-09 17:57:17.713000,2020-09-09 18:18:14.407000,acquirer_2,dc984ecf72ebcaa,2,32714,credit_card,20,paid
627c71f94d,2020-09-09 17:57:17.859000,2020-09-09 17:57:22.883000,pagarme,b7972b5908bacf4,1,13000,credit_card,55,paid
76a37a7a3c,2020-09-09 17:57:17.956000,2020-09-09 17:57:19.372000,pagarme,93288b503eeb464,1,8990,credit_card,120,paid
f2e0284bb6,2020-09-09 17:57:18.444000,2020-09-09 17:57:20.711000,pagarme,d19e7f6bea6d0f3,12,79404,credit_card,0,refused
150d70fba1,2020-09-09 17:57:18.678000,2020-09-12 07:06:07.328000,pagarme,46654821b0e8ca5,1,8147,boleto,0,paid
2764aeec83,2020-09-09 17:57:19.014000,2020-09-10 08:07:53.311000,pagarme,fc0f30121c6ca42,1,15261,boleto,0,paid
27606a6efc,2020-09-09 17:57:19.529000,2020-09-12 06:03:47.273000,pagarme,609f5f3707471f3,1,39566,boleto,0,paid
bc1b2c1829,2020-09-09 17:57:20.172000,2020-09-09 17:57:23.800000,acquirer_1,dc984ecf72ebcaa,1,88511,credit_card,0,refused
e248abe6c4,2020-09-09 17:57:20.264000,2020-09-09 17:57:25.552000,pagarme,10c33d344710b96,2,7920,credit_card,0,paid
fdaeb90bb9,2020-09-09 17:57:20.548000,2020-09-10 08:23:26.273000,pagarme,fd3ec57560dbd01,1,27940,boleto,0,paid
6f7dbbf386,2020-09-09 17:57:22.938000,2020-09-09 17:57:24.819000,pagarme,d19e7f6bea6d0f3,1,79700,credit_card,0,paid
2bd689831d,2020-09-09 17:57:24.921000,2020-09-09 17:57:26.387000,pagarme,d19e7f6bea6d0f3,9,4599,credit_card,0,refused
70c5db7dec,2020-09-09 17:57:25.051000,2020-09-10 08:23:26.336000,pagarme,7a84b2e791d5e40,1,49980,boleto,0,paid
496a33aa44,2020-09-09 17:57:25.749000,2020-09-09 17:57:28.910000,pagarme,64d8741e09ba8ee,12,139900,credit_card,0,refused
801814d8cb,2020-09-09 17:57:25.765000,2020-09-09 17:57:28.623000,pagarme,c5d385a485c1fb6,1,3000,credit_card,0,refused
96695889b2,2020-09-09 17:57:26.132000,2020-09-09 17:57:36.970000,pagarme,c251db5c16c8fe4,1,12776,credit_card,70,paid
45d6b6d600,2020-09-09 17:57:27.255000,2020-09-09 17:57:29.151000,pagarme,852d29346e0e61a,1,29550,credit_card,80,paid
f0e77c0357,2020-09-09 17:57:27.303000,2020-09-09 17:57:38.324000,pagarme,1baa1d23ed6ba35,6,59900,credit_card,0,paid
1a8cfb86a7,2020-09-09 17:57:27.366000,2020-09-09 17:57:28.848000,pagarme,50fbfbd774e93eb,1,24343,credit_card,50,paid
b8aaef7df1,2020-09-09 17:57:27.468000,2020-09-09 17:57:28.678000,pagarme,d19e7f6bea6d0f3,1,34700,credit_card,0,paid
c76dc7a3d8,2020-09-09 17:57:27.665000,2020-09-09 17:57:28.910000,pagarme,2cf6b3c3099a8ef,1,3190,credit_card,20,paid
1a435e4388,2020-09-09 17:57:27.788000,2020-09-09 17:57:29.301000,pagarme,0f8925d1b7a64ab,3,16900,credit_card,40,paid
0c024ccc91,2020-09-09 17:57:30.526000,2020-09-15 19:25:49.781000,pagarme,68bd0171c5b6a4b,12,11880,credit_card,0,refunded
697bc21056,2020-09-09 17:57:30.811000,2020-09-10 08:07:50.480000,pagarme,5caba9f1488941b,1,35400,boleto,0,paid
bdf74bf200,2020-09-09 17:57:30.814000,2020-09-10 08:07:53.592000,pagarme,64d8741e09ba8ee,1,9983,boleto,0,paid
c5e96661ca,2020-09-09 17:57:30.827000,2020-09-11 06:22:43.541000,pagarme,47a44233dda03cc,1,21500,boleto,0,paid
088fd788c3,2020-09-09 17:57:30.929000,2020-09-09 17:57:43.419000,pagarme,47a44233dda03cc,3,20000,credit_card,30,paid
eea0d764a8,2020-09-09 17:57:31.749000,2020-09-09 17:57:33.324000,pagarme,b94cb37c4d51741,10,20990,credit_card,0,refused
326b307811,2020-09-09 17:57:32.112000,2020-09-10 08:07:50.481000,pagarme,8c6c6299d020ee8,1,7554,boleto,0,paid
2cbc6c54dc,2020-09-09 17:57:33.702000,2020-09-10 08:07:50.094000,pagarme,5a1e377ba765b6d,1,9950,boleto,0,paid
b2e6fd665c,2020-09-09 17:57:33.817000,2020-09-09 17:57:35.354000,pagarme,dc984ecf72ebcaa,1,26252,credit_card,0,refused
9b31965e7e,2020-09-09 17:57:34.259000,2020-09-09 17:57:35.898000,pagarme,2925552213860d0,1,5000,credit_card,100,paid
db16fcbefe,2020-09-09 17:57:34.319000,2020-09-09 17:57:35.765000,pagarme,66416129f918364,1,25000,credit_card,0,refused
c4dae1d2f7,2020-09-09 17:57:34.508000,2020-09-11 06:22:44.182000,pagarme,fd3ec57560dbd01,1,11556,boleto,0,paid
cc781ed8b5,2020-09-09 17:57:34.600000,2020-09-09 17:57:36.498000,pagarme,7944be796d29841,5,25449,credit_card,66,paid
e16e8989ef,2020-09-09 17:57:35.827000,2020-09-10 08:23:27.163000,pagarme,793dc0495f9e4a3,1,2690,boleto,0,paid
9493488cd8,2020-09-09 17:57:36.746000,2020-09-09 17:57:38.367000,pagarme,d0aa1d80aa16a87,1,18461,credit_card,60,paid
25d09f576a,2020-09-09 17:57:37.176000,2020-09-09 17:57:38.203000,pagarme,b72dd35e1bd710c,1,28271,credit_card,0,refused
49bab898c6,2020-09-09 17:57:37.249000,2020-09-09 17:57:38.914000,pagarme,15ef533ce047f62,3,28300,credit_card,0,refused
0198761592,2020-09-09 17:57:39.597000,2020-09-09 17:57:42.073000,pagarme,65a09e93810c44c,1,18000,credit_card,20,paid
d239f77abd,2020-09-09 17:57:40.195000,2020-09-10 08:23:23.034000,pagarme,2cdf11b376ddc3b,1,5466,boleto,0,paid
3623a83f8f,2020-09-09 17:57:40.567000,2020-09-09 17:57:44.958000,pagarme,579e59365b9b65a,1,100,credit_card,0,refunded
fe92264503,2020-09-09 17:57:42.220000,2020-09-10 08:07:53.735000,pagarme,fc0f30121c6ca42,1,14790,boleto,0,paid
1879afb3fc,2020-09-09 17:57:42.355000,2020-09-09 17:57:43.869000,pagarme,7268080faafe827,1,17788,credit_card,70,paid
e87f6e4d57,2020-09-09 17:57:42.813000,2020-09-11 06:22:43.178000,pagarme,47a44233dda03cc,1,15000,boleto,0,paid
58b52747d7,2020-09-09 17:57:43.362000,2020-09-09 17:57:45.051000,pagarme,e7344efbfa18784,1,12750,credit_card,105,paid
390c1563a3,2020-09-09 17:57:44.604000,2020-09-09 17:57:55.364000,pagarme,67c2d7c22cae393,1,7391,credit_card,60,paid
6ea5ebb3cd,2020-09-09 17:57:46.181000,2020-09-09 17:57:47.662000,pagarme,d69f210b0e0fda1,1,19200,credit_card,120,paid
371403c781,2020-09-09 17:57:47.470000,2020-09-09 17:57:49.282000,pagarme,d989f5c5540226b,6,66354,credit_card,0,refused
67c684ec60,2020-09-09 17:57:47.909000,2020-09-11 06:22:44.187000,pagarme,4f0e4cd958e0a6a,1,23400,boleto,0,paid
99a65062d2,2020-09-09 17:57:48.375000,2020-09-09 17:57:50.733000,pagarme,479f26e6d954c51,1,31930,credit_card,120,paid
112c6287d9,2020-09-09 17:57:48.700000,2020-09-09 17:57:50.525000,pagarme,6d638ef2b6f65d1,4,21291,credit_card,80,paid
932cfcd5dc,2020-09-09 17:57:49.361000,2020-09-09 17:57:51.920000,pagarme,da83a78d27ace3c,4,73778,credit_card,0,refused
ffcdcf1602,2020-09-09 17:57:50.986000,2020-09-09 17:57:52.812000,pagarme,852d29346e0e61a,4,31791,credit_card,80,paid
5f851feabd,2020-09-09 17:57:52.008000,2020-09-09 17:57:53.953000,pagarme,15ef533ce047f62,3,6150,credit_card,0,refused
d81c1acce8,2020-09-09 17:57:53.297000,2020-09-09 17:57:55.154000,pagarme,e7344efbfa18784,12,14663,credit_card,0,refused
c5a7a4bf70,2020-09-09 17:57:53.474000,2020-09-09 17:57:54.590000,pagarme,f6c53fe8ae4c2b9,1,3000,credit_card,23,paid
5a54658f1f,2020-09-09 17:57:54.032000,2020-09-11 18:50:23.018000,acquirer_2,dc984ecf72ebcaa,1,443657,credit_card,20,paid
adebe25ca4,2020-09-09 17:57:55.129000,2020-09-09 17:58:07.232000,pagarme,f8dc18073b6f771,8,29347,credit_card,120,paid
f0e92c6d72,2020-09-09 17:57:57.037000,2020-09-09 17:57:58.579000,pagarme,6640c951fd8b4a1,10,81900,credit_card,45,paid
8d58a35449,2020-09-09 17:57:57.678000,2020-09-09 17:57:58.731000,pagarme,c073c11c93a896b,1,15000,credit_card,0,paid
acd694145c,2020-09-09 17:57:58.565000,2020-10-13 14:06:29.564000,pagarme,6a1f705f75490c8,10,27000,credit_card,70,refunded
c48684382d,2020-09-09 17:57:58.959000,2020-09-10 08:23:22.929000,pagarme,546cdbf9433d436,1,12349,boleto,0,paid
25bafdd318,2020-09-09 17:57:59.037000,2020-09-11 06:22:45.568000,pagarme,632695572f3cdc3,1,34854,boleto,0,paid
5256106e03,2020-09-09 17:57:59.759000,2020-09-09 17:58:01.435000,pagarme,1511b45cce0f96e,2,21648,credit_card,60,paid
9df13fd500,2020-09-09 17:58:00.114000,2020-09-09 17:58:02.128000,pagarme,d19e7f6bea6d0f3,6,3306,credit_card,0,refused
5fe78df01d,2020-09-09 17:58:00.162000,2020-09-09 17:58:01.494000,pagarme,949c6f09f0a2c0e,1,5000,credit_card,38,paid
45b54a3cd9,2020-09-09 17:58:00.871000,2020-09-10 08:23:23.131000,pagarme,1511b45cce0f96e,1,21046,boleto,0,paid
429872011e,2020-09-09 17:58:00.965000,2020-09-09 17:58:02.517000,pagarme,8b746d1fc781569,1,23081,credit_card,110,paid
b4718114be,2020-09-09 17:58:01.681000,2020-09-09 19:32:02.559000,pagarme,7b6ba63374559d5,3,9999,credit_card,0,paid
9daaa4220f,2020-09-09 17:58:02.040000,2020-09-09 17:58:04.168000,pagarme,5ba03ccae73ada9,5,30314,credit_card,60,paid
94a132c636,2020-09-09 17:58:03.123000,2020-09-09 17:58:15.470000,pagarme,e7569f550abcdb2,6,28542,credit_card,95,paid
c3b2f93822,2020-09-09 17:58:03.225000,2020-09-10 08:23:25.303000,pagarme,8146422c740be19,1,60000,boleto,0,paid
52bd066e39,2020-09-09 17:58:04.498000,2020-09-09 17:58:05.907000,pagarme,3d28336dbe16f6b,1,29900,credit_card,0,refused
da30c4197f,2020-09-09 17:58:04.835000,2020-09-09 17:58:07.645000,pagarme,d122599d9246dfd,2,7145,credit_card,55,paid
101400e034,2020-09-09 17:58:04.862000,2020-09-10 08:23:25.331000,pagarme,841bfd457089992,1,1990,boleto,0,paid
b4d2452c84,2020-09-09 17:58:05.515000,2020-09-12 07:06:05.077000,pagarme,47a44233dda03cc,1,18000,boleto,0,paid
a8931df8d2,2020-09-09 17:58:07.489000,2020-09-10 08:23:22.149000,pagarme,21ea21eccce3c50,1,5990,boleto,0,paid
31ad1a31c9,2020-09-09 17:58:08.531000,2020-09-10 08:23:22.855000,pagarme,e04ed28add2e893,1,1499,boleto,0,paid
4eacd2897d,2020-09-09 17:58:08.766000,2020-09-09 17:58:09.814000,pagarme,c073c11c93a896b,1,3500,credit_card,0,paid
7d7f7861a7,2020-09-09 17:58:09.371000,2020-09-09 17:58:10.340000,pagarme,c073c11c93a896b,1,5000,credit_card,0,paid
17d5ba9327,2020-09-09 17:58:09.921000,2020-09-09 18:45:38.786000,pagarme,eb30334ed6ef608,6,46300,credit_card,50,paid
658e366a2b,2020-09-09 17:58:11.334000,2020-09-10 08:23:23.468000,pagarme,66aa8536df4eb4e,1,20611,boleto,0,paid
8ab9a6d7c9,2020-09-09 17:58:11.339000,2020-09-09 17:58:12.840000,pagarme,d19e7f6bea6d0f3,9,4599,credit_card,0,refused
e326740546,2020-09-09 17:58:11.865000,2020-09-10 08:07:51.982000,pagarme,fc0f30121c6ca42,1,18910,boleto,0,paid
a3aaf155e1,2020-09-09 17:58:12.254000,2020-09-10 08:23:23.490000,pagarme,24f3899087a83a8,1,43900,boleto,0,paid
bac1ca21c5,2020-09-09 17:58:13.159000,2020-09-09 17:58:23.854000,pagarme,57b6b4b341112b5,1,16242,credit_card,80,paid
615184f001,2020-09-09 17:58:13.440000,2020-09-10 08:23:22.856000,pagarme,121da319d389971,1,9676,boleto,0,paid
3fae0aad59,2020-09-09 17:58:13.808000,2020-09-11 06:22:45.354000,pagarme,cecbc44c45ee98e,1,13063,boleto,0,paid
7f0ec870bd,2020-09-09 17:58:14.089000,2020-09-09 17:58:16.136000,pagarme,d19e7f6bea6d0f3,3,22842,credit_card,0,paid
55fe7addba,2020-09-09 17:58:14.709000,2020-09-10 08:23:22.856000,pagarme,f34b31c5c6621a1,1,9200,boleto,0,paid
e1fd3bb6cb,2020-09-09 17:58:15.144000,2020-09-09 17:58:16.869000,pagarme,e8ac5df92abbcf8,6,41690,credit_card,35,paid
e991daa427,2020-09-09 17:58:15.529000,2020-09-10 08:23:21.704000,pagarme,e8c413bab88257c,1,5082,boleto,0,paid
2155aa8541,2020-09-09 17:58:15.716000,2020-09-09 17:58:17.303000,pagarme,c073c11c93a896b,1,5000,credit_card,0,paid
c81a550a9d,2020-09-09 17:58:16.839000,2020-09-10 13:50:23.494000,pagarme,4a4b3506a7b8593,2,22500,credit_card,40,refunded
b19e6593a4,2020-09-09 17:58:17.644000,2020-09-10 07:58:23.417000,acquirer_2,dc984ecf72ebcaa,1,26252,credit_card,0,refunded
fda43eeef6,2020-09-09 17:58:18.333000,2020-09-10 08:23:21.067000,pagarme,f2ec0079ccc48ee,1,5081,boleto,0,paid
228637d0b4,2020-09-09 17:58:19.874000,2020-09-14 16:53:36.278000,pagarme,72b3544d6623b87,12,44754,credit_card,0,refunded
e0040055c8,2020-09-09 17:58:20.377000,2020-09-11 06:22:45.202000,pagarme,72e1a779fd75fe4,1,3999,boleto,0,paid
2ca2f4b7a2,2020-09-09 17:58:21.421000,2020-09-09 17:58:23.644000,pagarme,5add39390300192,1,1990,credit_card,0,refused
e3cbc76f3e,2020-09-09 17:58:22.922000,2020-09-09 17:58:24.872000,pagarme,0c2ee5dc79034a2,1,9900,credit_card,105,paid
b33d7cbe99,2020-09-09 17:58:22.990000,2020-09-09 17:58:28.757000,pagarme,b7972b5908bacf4,1,3500,credit_card,55,paid
82d3b91a62,2020-09-09 17:58:24.807000,2020-09-10 08:23:21.704000,pagarme,39ce9e85982b180,1,31320,boleto,0,paid
30844f0a1c,2020-09-09 17:58:25.643000,2020-09-10 08:23:23.384000,pagarme,39ce9e85982b180,1,39000,boleto,0,paid
e83ff8691a,2020-09-09 17:58:25.784000,2020-09-10 08:23:22.598000,pagarme,e39a04354b47c1a,1,4831,boleto,0,paid
ad7cd935c3,2020-09-09 17:58:25.812000,2020-09-09 17:58:39.231000,pagarme,5911ce37cc72d08,6,18700,credit_card,120,paid
65163e7be8,2020-09-09 17:58:25.898000,2020-09-09 21:47:50.977000,pagarme,fcd6f28ee59bd6d,6,147415,credit_card,50,paid
9c6154ed2f,2020-09-09 17:58:27.011000,2020-09-09 17:58:29.148000,pagarme,e48e6592c77e3f9,2,27813,credit_card,120,paid
897ddae355,2020-09-09 17:58:27.853000,2020-09-09 17:58:29.599000,pagarme,425d154e44d45af,6,282000,credit_card,120,paid
afd5024511,2020-09-09 17:58:27.917000,2020-09-09 17:58:29.964000,pagarme,d19e7f6bea6d0f3,12,419640,credit_card,0,refused
d4c8ccc920,2020-09-09 17:58:28.861000,2020-09-09 17:58:30.571000,pagarme,9b0609add3fd7f1,6,23250,credit_card,20,paid
6cc8181eab,2020-09-09 17:58:29.230000,2020-09-11 06:22:43.302000,pagarme,01f0328040d7032,1,2500,boleto,0,paid
0f76cc1d61,2020-09-09 17:58:29.812000,2020-09-09 18:12:52.190000,acquirer_2,dc984ecf72ebcaa,1,7904,credit_card,20,paid
d9078d3d4f,2020-09-09 17:58:29.926000,2020-09-10 08:07:48.912000,pagarme,64d8741e09ba8ee,1,179910,boleto,0,paid
30547a4201,2020-09-09 17:58:30.273000,2020-09-09 17:58:32.353000,pagarme,b94cb37c4d51741,10,20990,credit_card,0,refused
8fa9dad730,2020-09-09 17:58:30.460000,2020-09-09 17:58:38.776000,pagarme,dee3b73faaac643,1,590,credit_card,12,paid
df2e0ed5e9,2020-09-09 17:58:31.447000,2020-09-12 07:06:08.163000,pagarme,0e425b5517c61c6,1,18990,boleto,0,paid
ec22c5570c,2020-09-09 17:58:31.497000,2020-09-09 17:58:33.002000,pagarme,489b07887803197,1,10000,credit_card,120,paid
02830e1cbe,2020-09-09 17:58:31.723000,2020-09-09 17:58:39.572000,pagarme,10c33d344710b96,1,7880,credit_card,0,paid
dfa8eec10f,2020-09-09 17:58:32.055000,2020-09-12 07:06:04.892000,pagarme,e711dd9e8d9d95a,1,2990,boleto,0,paid
e3316044c2,2020-09-09 17:58:33.373000,2020-09-09 19:00:03.037000,pagarme,d85805aec65c1b7,2,10001,credit_card,80,paid
2b995fe3a2,2020-09-09 17:58:33.543000,2020-09-09 17:58:35.803000,pagarme,5add39390300192,1,1990,credit_card,0,refused
9fd99472a3,2020-09-09 17:58:34.191000,2020-09-10 08:23:22.598000,pagarme,7d3b23b29f62c49,1,6479,boleto,0,paid
9a4b1012d2,2020-09-09 17:58:34.201000,2020-09-09 17:58:35.325000,pagarme,c073c11c93a896b,1,10000,credit_card,0,paid
4245e12334,2020-09-09 17:58:34.389000,2020-09-09 17:58:37.437000,pagarme,70d2287c62b118d,8,389300,credit_card,0,refused
c04f1cca88,2020-09-09 17:58:34.819000,2020-09-10 08:23:22.036000,pagarme,fe3f48f88f15d46,1,9361,boleto,0,paid
27daf099b2,2020-09-09 17:58:35.348000,2020-09-09 17:58:37.059000,pagarme,abbd7be9fb584eb,6,16800,credit_card,0,refused
6f4362f3a2,2020-09-09 17:58:35.575000,2020-09-09 17:58:37.054000,pagarme,0f8925d1b7a64ab,2,28789,credit_card,40,paid
6eb6936393,2020-09-09 17:58:35.742000,2020-09-09 17:58:38.061000,pagarme,fe3f48f88f15d46,2,8291,credit_card,30,paid
b304a5a81e,2020-09-09 17:58:36.333000,2020-09-09 17:58:37.635000,pagarme,fa8f908c2a0a010,1,5000,credit_card,6,paid
1e80a672f0,2020-09-09 17:58:36.863000,2020-09-09 17:58:39.009000,pagarme,1cf5eeff8b29130,3,186354,credit_card,50,paid
df66967ddb,2020-09-09 17:58:37.385000,2020-09-18 07:07:53.422000,pagarme,b79e24e273662d6,1,16800,boleto,0,paid
fb72f3ad6a,2020-09-09 17:58:38.284000,2020-09-11 06:22:42.773000,pagarme,2b1f14787a83db4,1,15004,boleto,0,paid
f993062b09,2020-09-09 17:58:38.476000,2020-09-09 17:58:40.671000,pagarme,dc984ecf72ebcaa,1,13501,credit_card,0,refused
e336cfa9c4,2020-09-09 17:58:38.826000,2020-09-09 17:58:46.872000,pagarme,3e650645c57b92e,3,16329,credit_card,110,paid
c7a31ddf2a,2020-09-09 17:58:39.157000,2020-09-09 17:58:40.554000,pagarme,cca9aaa0189bdf3,1,900,credit_card,0,paid
fcfa45954f,2020-09-09 17:58:39.181000,2020-09-09 17:58:41.837000,pagarme,d19e7f6bea6d0f3,12,58104,credit_card,0,refused
7be01ad12d,2020-09-09 17:58:39.282000,2020-09-12 07:06:04.961000,pagarme,47a44233dda03cc,1,18000,boleto,0,paid
d634c39d85,2020-09-09 17:58:39.758000,2020-09-09 17:58:41.650000,pagarme,6d8a8ede1b9118c,1,54533,credit_card,50,paid
826b04f0be,2020-09-09 17:58:40.061000,2020-09-09 17:58:41.262000,pagarme,8417224b0ecedbe,3,18558,credit_card,0,refused
6a1b076710,2020-09-09 17:58:40.060000,2020-09-09 17:58:47.429000,pagarme,4ef57ca0314c730,6,15640,credit_card,30,paid
c0af8ea565,2020-09-09 17:58:40.636000,2020-09-09 17:58:42.407000,pagarme,77a7e0010b6f61f,1,5739,credit_card,60,paid
5110787e80,2020-09-09 17:58:41.314000,2020-09-10 08:23:21.946000,pagarme,3df3f606eec07da,1,6464,boleto,0,paid
e50f04b17e,2020-09-09 17:58:41.840000,2020-09-12 06:03:49.822000,pagarme,fc0f30121c6ca42,1,47636,boleto,0,paid
a18273e0d1,2020-09-09 17:58:41.961000,2020-09-09 17:58:43.747000,pagarme,0c9b5222692b365,4,210000,credit_card,120,paid
92f1283faa,2020-09-09 17:58:41.975000,2020-09-10 08:23:21.947000,pagarme,fb65ad8176b5aba,1,2940,boleto,0,paid
c4bb9b9cbf,2020-09-09 17:58:42.579000,2020-09-09 17:58:43.942000,pagarme,457043ec07a8a9a,1,24600,credit_card,120,paid
8c1d7cd97f,2020-09-09 17:58:43.195000,2020-09-09 17:58:46.019000,acquirer_1,7b5a8a497864159,6,66380,credit_card,0,paid
049882a03a,2020-09-09 17:58:43.578000,2020-09-10 08:23:22.297000,pagarme,c71269b0d904f8c,1,16053,boleto,0,paid
2ea021a905,2020-09-09 17:58:43.577000,2020-09-11 06:22:42.994000,pagarme,c1d92de4cfc43ce,1,77388,boleto,0,paid
98e6ff5fbb,2020-09-09 17:58:43.764000,2020-09-17 08:07:29.294000,pagarme,47a44233dda03cc,1,21000,boleto,0,paid
735c3dbc53,2020-09-09 17:58:44.998000,2020-09-10 08:07:50.160000,pagarme,d12149938d97576,1,9990,boleto,0,paid
f7a0aee277,2020-09-09 17:58:45.455000,2020-09-09 17:59:10.914000,pagarme,8e0507987b9607e,1,23015,credit_card,120,paid
6053f4a3af,2020-09-09 17:58:46.101000,2020-09-09 17:58:47.631000,pagarme,fd15e7d96213b12,3,9393,credit_card,120,paid
67e57c8b2e,2020-09-09 17:58:46.355000,2020-09-09 17:58:49.141000,pagarme,609f5f3707471f3,12,45471,credit_card,0,refused
7b1109584e,2020-09-09 17:58:47.483000,2020-09-09 17:58:49.225000,pagarme,e477ae7030796cf,2,11200,credit_card,60,paid
76f3d097e1,2020-09-09 17:58:50.079000,2020-09-09 17:58:51.676000,pagarme,a786d6bb6619041,1,13480,boleto,0,waiting_payment
0b830a090e,2020-09-09 17:58:50.242000,2020-09-09 17:59:07.756000,pagarme,88cef9ede0bc4d6,1,11675,credit_card,68,paid
3a97b29e2a,2020-09-09 17:58:50.527000,2020-09-10 08:07:47.742000,pagarme,5caba9f1488941b,1,35400,boleto,0,paid
e156fa8b12,2020-09-09 17:58:50.624000,2020-09-09 17:58:52.324000,pagarme,d19e7f6bea6d0f3,1,4990,credit_card,0,paid
18544cb0cf,2020-09-09 17:58:50.945000,2020-09-09 17:58:52.022000,pagarme,d19e7f6bea6d0f3,9,4599,credit_card,0,refused
2ced56b25e,2020-09-09 17:58:51.933000,2020-09-09 17:58:53.589000,pagarme,8747b5935d3999e,6,16925,credit_card,120,paid
eccf639375,2020-09-09 17:58:52.139000,2020-09-10 08:07:50.119000,pagarme,4a25d5dde92f1eb,1,35800,boleto,0,paid
250868876b,2020-09-09 17:58:53.127000,2020-09-09 17:58:54.855000,pagarme,d19e7f6bea6d0f3,12,419640,credit_card,0,refused
4e8b46cec4,2020-09-09 17:58:53.218000,2020-09-09 17:58:55.603000,pagarme,1104a2c32ffd10e,6,49725,credit_card,0,refused
8edff7e055,2020-09-09 17:58:53.706000,2020-09-09 17:58:55.394000,pagarme,d19e7f6bea6d0f3,12,23640,credit_card,0,refused
9c9c26b601,2020-09-09 17:58:54.479000,2020-09-09 17:58:57.338000,pagarme,6663c654eb06039,1,4809,credit_card,50,paid
5a4a952da3,2020-09-09 17:58:55.013000,2020-09-10 08:23:21.945000,pagarme,47a75ac3d0932a8,1,35000,boleto,0,paid
483b00d98a,2020-09-09 17:58:55.168000,2020-09-09 17:58:56.729000,pagarme,15ef533ce047f62,3,28300,credit_card,0,refused
626070fff7,2020-09-09 17:58:55.171000,2020-09-09 17:58:58.083000,pagarme,d19e7f6bea6d0f3,8,164712,credit_card,0,refused
7d9f92c5c5,2020-09-09 17:58:55.171000,2020-09-09 17:58:58.978000,acquirer_1,dc984ecf72ebcaa,2,358000,credit_card,0,refused
029d958de9,2020-09-09 17:58:55.198000,2020-09-10 08:23:22.197000,pagarme,7944be796d29841,1,162237,boleto,0,paid
c1c504d314,2020-09-09 17:58:55.461000,2020-09-09 18:00:26.341000,pagarme,79f540698e2d78a,1,5500,credit_card,70,refunded
e788489689,2020-09-09 17:58:55.562000,2020-09-09 17:58:57.780000,pagarme,3aeacb6ab392f83,1,36426,credit_card,93,paid
acd57c7764,2020-09-09 17:58:55.787000,2020-09-09 19:24:03.612000,pagarme,7b6ba63374559d5,3,9673,credit_card,0,paid
cc5217e447,2020-09-09 17:58:56.816000,2020-09-09 17:58:58.503000,pagarme,422c038915fc6d2,4,40482,credit_card,80,paid
fef43fbb9b,2020-09-09 17:58:57.023000,2020-09-09 17:58:58.862000,pagarme,fe3f48f88f15d46,3,28751,credit_card,30,paid
6f44e5d291,2020-09-09 17:58:57.404000,2020-09-09 17:58:58.822000,pagarme,4b9ec69caddb7fa,3,8991,credit_card,60,paid
75e2c72e83,2020-09-09 17:58:57.687000,2020-09-09 18:00:18.401000,pagarme,4911abf050ca7f1,3,110000,credit_card,18,paid
8e661b1d15,2020-09-09 17:58:58.053000,2020-09-09 17:58:59.382000,pagarme,ae8404dab1e7e37,2,4770,credit_card,80,paid
bec64a1df1,2020-09-09 17:58:59.094000,2020-09-11 06:22:42.980000,pagarme,47a44233dda03cc,1,20000,boleto,0,paid
fed5259a37,2020-09-09 17:59:00.062000,2020-09-10 08:23:22.491000,pagarme,abe80e5d208f9d1,1,12900,boleto,0,paid
41fadfebaf,2020-09-09 17:59:00.173000,2020-09-18 08:20:40.658000,pagarme,799b128ddb1d59f,1,17095,boleto,0,paid
dd4ee2535f,2020-09-09 17:59:01.053000,2020-09-10 08:23:22.237000,pagarme,a95e75807819733,1,46284,boleto,0,paid
8829eacf85,2020-09-09 17:59:01.505000,2020-09-09 17:59:20.324000,pagarme,8f6dcfa243ff00d,1,7280,credit_card,60,paid
57e0791572,2020-09-09 17:59:03.238000,2020-09-10 08:23:19.502000,pagarme,677a37e5b03a8da,1,15390,boleto,0,paid
ecb37e6d53,2020-09-09 17:59:04.224000,2020-09-09 17:59:05.598000,pagarme,0d707a98897bc39,1,14265,credit_card,36,paid
466053c056,2020-09-09 17:59:04.268000,2020-09-09 18:03:54.968000,acquirer_3,4e6ad93df7c1d98,1,4100,credit_card,50,paid
f99d24bef2,2020-09-09 17:59:05.380000,2020-09-09 17:59:07.321000,pagarme,5632ba409c52d88,1,21500,credit_card,0,refused
eb815d6897,2020-09-09 17:59:05.841000,2020-09-09 17:59:16.692000,pagarme,a3119df2b82b67b,2,44626,credit_card,50,paid
b19a331f34,2020-09-09 17:59:05.998000,2020-09-10 08:23:19.503000,pagarme,be705dceee9529d,1,10900,boleto,0,paid
21c158cc1e,2020-09-09 17:59:06.242000,2020-09-10 08:23:19.502000,pagarme,d087a7197c82caf,1,108244,boleto,0,paid
f53d6bd56f,2020-09-09 17:59:06.973000,2020-09-09 17:59:17.888000,pagarme,d989f5c5540226b,4,32212,credit_card,90,paid
cb151cf480,2020-09-09 17:59:07.115000,2020-09-10 08:07:50.119000,pagarme,aea95421aadd3a4,1,77760,boleto,0,paid
991046094d,2020-09-09 17:59:07.539000,2020-09-09 18:14:00.866000,acquirer_2,dc984ecf72ebcaa,1,8436,credit_card,20,paid
bbeca79583,2020-09-09 17:59:08.023000,2020-09-09 17:59:09.043000,pagarme,da83a78d27ace3c,4,73778,credit_card,0,paid
5965f33ed6,2020-09-09 17:59:08.063000,2020-09-09 17:59:09.183000,pagarme,da83a78d27ace3c,1,4064,credit_card,0,paid
1c8adc3d2e,2020-09-09 17:59:08.243000,2020-09-12 07:06:04.744000,pagarme,713b27c08bd57f8,1,9901,boleto,0,paid
86d906ff28,2020-09-09 17:59:08.332000,2020-09-09 17:59:09.383000,pagarme,274ae83f1280599,1,7490,boleto,0,waiting_payment
3c4164c8d3,2020-09-09 17:59:09.020000,2020-09-09 17:59:16.457000,pagarme,47a44233dda03cc,2,20000,credit_card,30,paid
39a3445910,2020-09-09 17:59:09.089000,2020-09-10 08:23:21.366000,pagarme,c71269b0d904f8c,1,12092,boleto,0,paid
a3b78b5b77,2020-09-09 17:59:09.460000,2020-09-09 19:28:17.260000,acquirer_2,68f8352768ec0ab,1,12999,credit_card,18,paid
d83608d5f3,2020-09-09 17:59:09.768000,2020-09-09 17:59:11.149000,pagarme,dd0d6c70115c04a,1,90552,boleto,0,waiting_payment
037f2cf389,2020-09-09 17:59:10.206000,2020-09-09 17:59:11.220000,pagarme,5fbe4ac1b6b1c3b,1,12700,boleto,0,waiting_payment
981f45b629,2020-09-09 17:59:10.394000,2020-09-09 17:59:11.445000,pagarme,d8b81ccc575ae9b,1,22500,boleto,0,waiting_payment
89df8c902f,2020-09-09 17:59:12.345000,2020-09-16 07:02:46.413000,pagarme,47a44233dda03cc,1,17000,boleto,0,paid
93ac80a7a7,2020-09-09 17:59:12.328000,2020-09-09 17:59:14.460000,pagarme,8660f2ea69041ef,10,193000,credit_card,90,paid
db8ced752a,2020-09-09 17:59:12.967000,2020-09-09 18:05:12.282000,pagarme,c073c11c93a896b,1,2500,credit_card,0,refunded
5f9c73321d,2020-09-09 17:59:14.126000,2020-09-09 17:59:15.341000,pagarme,2b96a3720c9bbed,1,16595,boleto,0,waiting_payment
eba7019ffa,2020-09-09 17:59:15.204000,2020-09-09 17:59:16.311000,pagarme,15b5b8295ccf2cb,1,12215,credit_card,50,paid
7856bebc6c,2020-09-09 17:59:15.435000,2020-09-09 17:59:16.621000,pagarme,617cc205265eb3e,1,8990,boleto,0,waiting_payment
7e5cf5efe2,2020-09-09 17:59:16.182000,2020-09-15 08:27:34.023000,pagarme,39ce9e85982b180,1,77000,boleto,0,paid
4d63aa3516,2020-09-09 17:59:17.196000,2020-09-09 17:59:28.349000,pagarme,8417224b0ecedbe,3,18558,credit_card,80,paid
07012c8e9b,2020-09-09 17:59:18.048000,2020-09-09 17:59:19.829000,pagarme,a0faf1645e4be26,10,22590,credit_card,50,paid
94c8c79966,2020-09-09 17:59:18.308000,2020-09-09 17:59:19.441000,pagarme,c073c11c93a896b,1,3000,credit_card,0,paid
535bb901d2,2020-09-09 17:59:18.603000,2020-09-09 17:59:21.397000,pagarme,2f912502c8cc23b,10,14060,credit_card,60,paid
5f42e8420e,2020-09-09 17:59:18.704000,2020-09-09 17:59:20.556000,pagarme,d19e7f6bea6d0f3,1,49700,credit_card,0,paid
4580264799,2020-09-09 17:59:19.311000,2020-09-09 17:59:21.160000,pagarme,3eba1255b4e9874,3,20900,credit_card,70,paid
154caca0e3,2020-09-09 17:59:21.430000,2020-09-09 17:59:22.555000,pagarme,2f912502c8cc23b,1,2990,boleto,0,waiting_payment
52a70deb37,2020-09-09 17:59:22.960000,2020-09-09 17:59:24.573000,pagarme,fc0f30121c6ca42,1,5980,boleto,0,waiting_payment
23de4cb490,2020-09-09 17:59:23.221000,2020-09-09 17:59:25.687000,pagarme,15ef533ce047f62,1,1470,credit_card,0,refused
b113bd6739,2020-09-09 17:59:24.083000,2020-09-09 18:00:09.808000,pagarme,627c076cfa7de29,1,9821,credit_card,18,paid
ef487ca39b,2020-09-09 17:59:24.523000,2020-09-09 17:59:25.684000,pagarme,bd64d4f7c3fa362,1,10000,credit_card,39,paid
a6f2718a6d,2020-09-09 17:59:25.032000,2020-09-09 17:59:26.697000,pagarme,d8b81ccc575ae9b,1,22500,boleto,0,waiting_payment
fedd45670d,2020-09-09 17:59:26.236000,2020-09-11 06:22:42.752000,pagarme,215e2a85f89e41e,1,907800,boleto,0,paid
b9cdbe989d,2020-09-09 17:59:30.732000,2020-09-25 06:12:10.734000,pagarme,47a44233dda03cc,1,17000,boleto,0,paid
36ef57d772,2020-09-09 17:59:31.292000,2020-09-09 17:59:32.368000,pagarme,c073c11c93a896b,1,2500,credit_card,0,refused
c2e7f2ec13,2020-09-09 17:59:32.404000,2020-09-09 17:59:33.717000,pagarme,2aefa1c8532bdee,1,5000,boleto,0,waiting_payment
7461a395aa,2020-09-09 17:59:33.823000,2020-09-10 08:23:19.555000,pagarme,8a3a888a29fcd1c,1,32636,boleto,0,paid
4fd3e0c87b,2020-09-09 17:59:34.066000,2020-09-09 17:59:45.850000,pagarme,5737a7771dbbb75,12,10770,credit_card,50,paid
86a4378e37,2020-09-09 17:59:34.721000,2020-09-09 17:59:35.853000,pagarme,c073c11c93a896b,1,5000,credit_card,0,paid
8818a485af,2020-09-09 17:59:34.783000,2020-09-10 08:23:17.772000,pagarme,086f7601c6a3c52,1,20487,boleto,0,paid
91b5b71350,2020-09-09 17:59:35.540000,2020-09-12 06:03:45.341000,pagarme,fc0f30121c6ca42,1,1989,boleto,0,paid
9f19641367,2020-09-09 17:59:36.217000,2020-09-12 07:06:07.404000,pagarme,f97c89c9f55f237,1,9245,boleto,0,paid
0edddd0eb5,2020-09-09 17:59:37.154000,2020-09-09 17:59:38.111000,pagarme,550097412be53a9,1,30000,credit_card,50,paid
246ed018b1,2020-09-09 17:59:37.513000,2020-09-09 17:59:43.199000,pagarme,96d42ea61c64e3b,1,198,credit_card,22.97,paid
9ef8875027,2020-09-09 17:59:37.748000,2020-09-17 08:07:29.201000,pagarme,47a44233dda03cc,1,15000,boleto,0,paid
2646a8a9f6,2020-09-09 17:59:38.287000,2020-09-09 17:59:51.986000,pagarme,47a44233dda03cc,3,16000,credit_card,30,paid
a7feedcba8,2020-09-09 17:59:38.603000,2020-09-09 17:59:40.117000,pagarme,8417224b0ecedbe,1,36414,boleto,0,waiting_payment
d54add4807,2020-09-09 17:59:39.620000,2020-09-09 17:59:42.704000,pagarme,f6c53fe8ae4c2b9,1,2240,credit_card,0,refused
749fe15996,2020-09-09 17:59:39.653000,2020-09-09 17:59:40.703000,pagarme,1b90d651c82532a,1,4990,boleto,0,waiting_payment
703cb3627a,2020-09-09 17:59:41.475000,2020-09-11 06:04:07.254000,pagarme,fc0f30121c6ca42,1,8780,boleto,0,paid
a49b197910,2020-09-09 17:59:41.630000,2020-09-09 17:59:42.735000,pagarme,ecef45b933744a5,2,7263,credit_card,0,refused
da52959cac,2020-09-09 17:59:42.989000,2020-09-09 17:59:44.035000,pagarme,da83a78d27ace3c,1,6900,credit_card,0,paid
a0cabc6266,2020-09-09 17:59:43.073000,2020-09-09 17:59:45.365000,pagarme,3eedc8e962834e6,1,2500,credit_card,60,paid
6b05076857,2020-09-09 17:59:43.549000,2020-09-09 17:59:44.845000,pagarme,af6a0cb8cb4dd5a,1,8400,boleto,0,waiting_payment
9bc22d8639,2020-09-09 17:59:43.771000,2020-09-10 08:07:46.992000,pagarme,fc0f30121c6ca42,1,13900,boleto,0,paid
7139773ea1,2020-09-09 17:59:44.077000,2020-09-09 18:00:30.778000,pagarme,7d6b497f01942b0,1,37970,credit_card,18,paid
5f00b5c931,2020-09-09 17:59:44.346000,2020-09-09 17:59:46.695000,pagarme,d989f5c5540226b,6,66354,credit_card,0,refused
808de4558b,2020-09-09 17:59:45.200000,2020-09-11 06:22:42.217000,pagarme,21ea21eccce3c50,1,5990,boleto,0,paid
d2c4199c19,2020-09-09 17:59:45.248000,2020-09-09 17:59:46.673000,pagarme,db28faaff8f50fa,1,5961,credit_card,120,paid
949073967f,2020-09-09 17:59:45.823000,2020-10-09 09:20:26.314000,pagarme,93ee96f677b7abe,1,44621,boleto,0,paid
8e12d7ca8b,2020-09-09 17:59:46.221000,2020-09-09 17:59:48.390000,pagarme,d8df356122cf360,6,37776,credit_card,0,refused
04fa0fb1bb,2020-09-09 17:59:46.583000,2020-09-09 17:59:48.355000,pagarme,af6a0cb8cb4dd5a,2,2400,credit_card,30,paid
06d9d3c447,2020-09-09 17:59:47.571000,2020-09-11 06:22:42.329000,pagarme,a4582eb68d9d32d,1,26304,boleto,0,paid
fee4ae6afe,2020-09-09 17:59:47.655000,2020-09-09 17:59:48.903000,pagarme,d12149938d97576,1,29833,boleto,0,waiting_payment
6c9f8a134b,2020-09-09 17:59:47.867000,2020-09-09 17:59:50.855000,pagarme,3d28336dbe16f6b,8,18900,credit_card,0,refused
dff59ceb04,2020-09-09 17:59:48.624000,2020-09-09 17:59:49.691000,pagarme,c073c11c93a896b,1,5000,credit_card,0,paid
4318957654,2020-09-09 17:59:48.982000,2020-09-09 17:59:50.386000,pagarme,f15c6ef80e2797b,1,5348,credit_card,95,paid
a11ddbb3be,2020-09-09 17:59:49.259000,2020-09-09 17:59:51.350000,pagarme,947a808bbe4e59f,1,500,credit_card,0,paid
8bcd8e62b6,2020-09-09 17:59:49.578000,2020-09-10 08:23:17.772000,pagarme,c71269b0d904f8c,1,36814,boleto,0,paid
f74d4a71e0,2020-09-09 17:59:49.829000,2020-09-09 17:59:51.495000,pagarme,64d8741e09ba8ee,1,125910,boleto,0,waiting_payment
a2b88d1879,2020-09-09 17:59:50.193000,2020-09-11 06:04:07.254000,pagarme,617cc205265eb3e,1,11094,boleto,0,paid
c777be1de6,2020-09-09 17:59:50.591000,2020-09-09 17:59:51.815000,pagarme,f34b31c5c6621a1,1,14700,boleto,0,waiting_payment
76b9a674f3,2020-09-09 17:59:51.039000,2020-09-09 17:59:52.625000,pagarme,db28faaff8f50fa,3,39895,credit_card,0,refused
91a102de03,2020-09-09 17:59:51.444000,2020-09-09 17:59:52.693000,pagarme,fa8f908c2a0a010,1,3000,credit_card,6,paid
d47239e070,2020-09-09 17:59:51.966000,2020-09-09 17:59:53.636000,pagarme,c3ff5514ce7fc27,3,45597,credit_card,120,paid
df90e2b9b7,2020-09-09 17:59:52.951000,2020-09-09 17:59:54.639000,pagarme,8b04df2baa17fd3,2,25330,credit_card,120,paid
b11757c087,2020-09-09 17:59:54.809000,2020-09-10 11:21:06.704000,pagarme,a8521ed11711b5f,3,21108,credit_card,32,refunded
620d6d9a11,2020-09-09 17:59:56.439000,2020-09-09 17:59:57.630000,pagarme,da731b508c77c87,2,29980,credit_card,45,paid
b7ad6016b5,2020-09-09 17:59:57.248000,2020-09-09 17:59:59.351000,pagarme,d19e7f6bea6d0f3,12,23640,credit_card,0,refused
b9cfb76e60,2020-09-09 17:59:57.360000,2020-09-09 18:00:09.974000,pagarme,ea08e18846a1402,1,6396,credit_card,105,paid
b36fab366d,2020-09-09 17:59:57.600000,2020-09-10 08:23:19.647000,pagarme,f34b31c5c6621a1,1,35000,boleto,0,paid
2cf4eaeb6f,2020-09-09 17:59:58.794000,2020-09-09 18:00:00.105000,pagarme,6443ebbb3c63867,1,26939,boleto,0,waiting_payment
b610115776,2020-09-09 17:59:58.858000,2020-09-09 18:14:09.932000,acquirer_2,dc984ecf72ebcaa,1,3500,credit_card,0,refunded
ced0b64b1f,2020-09-09 17:59:59.077000,2020-09-09 18:22:03.489000,acquirer_2,dc984ecf72ebcaa,1,79532,credit_card,20,paid
ffa5688295,2020-09-09 17:59:59.184000,2020-09-09 18:00:00.377000,pagarme,8e031d520c2b921,1,7180,boleto,0,waiting_payment
c15f59ca79,2020-09-09 17:59:59.645000,2020-09-09 18:00:01.424000,pagarme,efe7c1eaab861a5,1,24290,credit_card,0,refused
0c4061a69d,2020-09-09 17:59:59.778000,2020-09-09 18:00:10.259000,pagarme,a9810f693ffb8e6,4,41900,credit_card,100,paid
